#{"t_start": 1645416741.524644, "env_id": "NeuralTraffic-v1"}
r,l,t
16374.75,91,484.948066
-2.3093781231330455e+84,20,577.29239
